class_label,paper_id
Genetic_Algorithms,0
Probabilistic_Methods,1
Rule_Learning,2
Case_Based,3
Genetic_Algorithms,4
Probabilistic_Methods,5
Neural_Networks,6
Rule_Learning,7
Genetic_Algorithms,8
Neural_Networks,9
Theory,10
Theory,11
Neural_Networks,12
Rule_Learning,13
Neural_Networks,14
Case_Based,15
Probabilistic_Methods,16
Theory,17
Case_Based,18
Theory,19
Neural_Networks,20
Theory,21
Genetic_Algorithms,22
Genetic_Algorithms,23
Probabilistic_Methods,24
Theory,25
Neural_Networks,26
Genetic_Algorithms,27
Genetic_Algorithms,28
Genetic_Algorithms,29
Case_Based,30
Neural_Networks,31
Neural_Networks,32
Reinforcement_Learning,33
Genetic_Algorithms,34
Rule_Learning,35
Theory,36
Neural_Networks,37
Neural_Networks,38
Theory,39
Genetic_Algorithms,40
Neural_Networks,41
Neural_Networks,42
Reinforcement_Learning,43
Neural_Networks,44
Neural_Networks,45
Probabilistic_Methods,46
Reinforcement_Learning,47
Case_Based,48
Reinforcement_Learning,49
Genetic_Algorithms,50
Genetic_Algorithms,51
Neural_Networks,52
Neural_Networks,53
Genetic_Algorithms,54
Theory,55
Genetic_Algorithms,56
Neural_Networks,57
Case_Based,58
Genetic_Algorithms,59
Neural_Networks,60
Theory,61
Neural_Networks,62
Rule_Learning,63
Neural_Networks,64
Probabilistic_Methods,65
Theory,66
Case_Based,67
Rule_Learning,68
Reinforcement_Learning,69
Genetic_Algorithms,70
Neural_Networks,71
Probabilistic_Methods,72
Reinforcement_Learning,73
Neural_Networks,74
Neural_Networks,75
Neural_Networks,76
Neural_Networks,77
Neural_Networks,78
Neural_Networks,79
Reinforcement_Learning,80
Theory,81
Neural_Networks,82
Neural_Networks,83
Case_Based,84
Neural_Networks,85
Neural_Networks,86
Rule_Learning,87
Probabilistic_Methods,88
Neural_Networks,89
Case_Based,90
Genetic_Algorithms,91
Neural_Networks,92
Probabilistic_Methods,93
Neural_Networks,94
Reinforcement_Learning,95
Reinforcement_Learning,96
Neural_Networks,97
Reinforcement_Learning,98
Case_Based,99
Neural_Networks,100
Neural_Networks,101
Genetic_Algorithms,102
Reinforcement_Learning,103
Neural_Networks,104
Genetic_Algorithms,105
Genetic_Algorithms,106
Genetic_Algorithms,107
Case_Based,108
Theory,109
Reinforcement_Learning,110
Neural_Networks,111
Reinforcement_Learning,112
Theory,113
Probabilistic_Methods,114
Case_Based,115
Genetic_Algorithms,116
Neural_Networks,117
Neural_Networks,118
Reinforcement_Learning,119
Genetic_Algorithms,120
Neural_Networks,121
Genetic_Algorithms,122
Theory,123
Genetic_Algorithms,124
Reinforcement_Learning,125
Case_Based,126
Neural_Networks,127
Rule_Learning,128
Rule_Learning,129
Neural_Networks,130
Neural_Networks,131
Probabilistic_Methods,132
Theory,133
Case_Based,134
Case_Based,135
Probabilistic_Methods,136
Case_Based,137
Case_Based,138
Probabilistic_Methods,139
Reinforcement_Learning,140
Neural_Networks,141
Reinforcement_Learning,142
Probabilistic_Methods,143
Theory,144
Probabilistic_Methods,145
Theory,146
Neural_Networks,147
Probabilistic_Methods,148
Probabilistic_Methods,149
Theory,150
Theory,151
Case_Based,152
Case_Based,153
Probabilistic_Methods,154
Neural_Networks,155
Case_Based,156
Theory,157
Genetic_Algorithms,158
Theory,159
Rule_Learning,160
Theory,161
Neural_Networks,162
Neural_Networks,163
Reinforcement_Learning,164
Probabilistic_Methods,165
Case_Based,166
Genetic_Algorithms,167
Case_Based,168
Case_Based,169
Genetic_Algorithms,170
Neural_Networks,171
Genetic_Algorithms,172
Rule_Learning,173
Case_Based,174
Neural_Networks,175
Genetic_Algorithms,176
Neural_Networks,177
Rule_Learning,178
Neural_Networks,179
Neural_Networks,180
Genetic_Algorithms,181
Case_Based,182
Case_Based,183
Probabilistic_Methods,184
Neural_Networks,185
Theory,186
Probabilistic_Methods,187
Reinforcement_Learning,188
Probabilistic_Methods,189
Rule_Learning,190
Theory,191
Probabilistic_Methods,192
Theory,193
Probabilistic_Methods,194
Probabilistic_Methods,195
Probabilistic_Methods,196
Rule_Learning,197
Neural_Networks,198
Rule_Learning,199
Probabilistic_Methods,200
Genetic_Algorithms,201
Probabilistic_Methods,202
Neural_Networks,203
Case_Based,204
Rule_Learning,205
Genetic_Algorithms,206
Probabilistic_Methods,207
Neural_Networks,208
Probabilistic_Methods,209
Neural_Networks,210
Reinforcement_Learning,211
Genetic_Algorithms,212
Probabilistic_Methods,213
Neural_Networks,214
Reinforcement_Learning,215
Probabilistic_Methods,216
Neural_Networks,217
Theory,218
Neural_Networks,219
Neural_Networks,220
Genetic_Algorithms,221
Neural_Networks,222
Genetic_Algorithms,223
Probabilistic_Methods,224
Neural_Networks,225
Reinforcement_Learning,226
Genetic_Algorithms,227
Genetic_Algorithms,228
Genetic_Algorithms,229
Case_Based,230
Theory,231
Reinforcement_Learning,232
Probabilistic_Methods,233
Case_Based,234
Neural_Networks,235
Neural_Networks,236
Neural_Networks,237
Reinforcement_Learning,238
Genetic_Algorithms,239
Rule_Learning,240
Neural_Networks,241
Case_Based,242
Neural_Networks,243
Rule_Learning,244
Neural_Networks,245
Case_Based,246
Probabilistic_Methods,247
Neural_Networks,248
Theory,249
Neural_Networks,250
Theory,251
Theory,252
Neural_Networks,253
Theory,254
Theory,255
Case_Based,256
Reinforcement_Learning,257
Probabilistic_Methods,258
Probabilistic_Methods,259
Genetic_Algorithms,260
Genetic_Algorithms,261
Neural_Networks,262
Probabilistic_Methods,263
Probabilistic_Methods,264
Neural_Networks,265
Neural_Networks,266
Probabilistic_Methods,267
Genetic_Algorithms,268
Neural_Networks,269
